{
  "sections": {
    "cart-items": {
      "type": "main-cart-items",
      "settings": {
        "color_scheme": "scheme-1",
        "padding_top": 36,
        "padding_bottom": 36
      }
    },
    "cart-footer": {
      "type": "main-cart-footer",
      "settings": {
        "color_scheme": "scheme-1",
        "padding_top": 20,
        "padding_bottom": 40
      },
      "blocks": {
        "subtotal": {
          "type": "subtotal",
          "settings": {}
        },
        "buttons": {
          "type": "buttons",
          "settings": {}
        }
      },
      "block_order": [
        "subtotal",
        "buttons"
      ]
    }
  },
  "order": [
    "cart-items",
    "cart-footer"
  ]
}
